A,i,K,N,TND,S,thresh,T,cohs
0,0.03333333333333333,0,0,0,10,nan,0,0
0,0.06666666666666667,0,0,0,10,0.20991754583450778,0,0
0,0.1,0,0,0,10,0.15518917828086468,0,0
0,0.16666666666666666,0,0,0,10,0.09499464363430182,0,0
0,0.26666666666666666,0,0,0,10,0.08859931282058578,0,0
0,0.45,0,0,0,10,0.07307808149574545,0,0
0,0.7666666666666667,0,0,0,10,0.05578040400407057,0,0
0,1.2666666666666666,0,0,0,10,0.053380064846336645,0,0
0,2.1333333333333333,0,0,0,10,0.061240004106170025,0,0
0,3.566666666666667,0,0,0,10,0.03828995987773828,0,0
0,0.03333333333333333,0,0,0,11,nan,0,0
0,0.06666666666666667,0,0,0,11,0.20991754583450778,0,0
0,0.1,0,0,0,11,0.16481913826303932,0,0
0,0.15,0,0,0,11,0.10183290197512426,0,0
0,0.23333333333333334,0,0,0,11,0.09047676231294435,0,0
0,0.36666666666666664,0,0,0,11,0.08202877140122004,0,0
0,0.5666666666666667,0,0,0,11,0.06583414142520207,0,0
0,0.9166666666666666,0,0,0,11,0.055292012856052064,0,0
0,1.4666666666666666,0,0,0,11,0.05340323249436222,0,0
0,2.35,0,0,0,11,0.057704522640856265,0,0
0,3.7333333333333334,0,0,0,11,0.03851410611388161,0,0
0,0.03333333333333333,0,0,0,12,nan,0,0
0,0.06666666666666667,0,0,0,12,0.2751991033488881,0,0
0,0.08333333333333333,0,0,0,12,0.1720802744328507,0,0
0,0.13333333333333333,0,0,0,12,0.12481667361873426,0,0
0,0.2,0,0,0,12,0.08993488153808421,0,0
0,0.3,0,0,0,12,0.08880423721467508,0,0
0,0.45,0,0,0,12,0.06993639410805633,0,0
0,0.7,0,0,0,12,0.06291591266555449,0,0
0,1.0666666666666667,0,0,0,12,0.05632665667462899,0,0
0,1.65,0,0,0,12,0.04894669872592964,0,0
0,2.533333333333333,0,0,0,12,0.05103458921298506,0,0
0,3.9,0,0,0,12,0.039628735828177705,0,0
0,0.03333333333333333,0,0,0,13,1.6974749462184358,0,0
0,0.05,0,0,0,13,0.3962153903100272,0,0
0,0.08333333333333333,0,0,0,13,0.1817129585030672,0,0
0,0.11666666666666667,0,0,0,13,0.14578412253413478,0,0
0,0.16666666666666666,0,0,0,13,0.09271297703328533,0,0
0,0.25,0,0,0,13,0.09393714912535696,0,0
0,0.36666666666666664,0,0,0,13,0.08369330231289179,0,0
0,0.55,0,0,0,13,0.06605206481720113,0,0
0,0.8166666666666667,0,0,0,13,0.05566127705497934,0,0
0,1.2166666666666666,0,0,0,13,0.061322512734707436,0,0
0,1.8166666666666667,0,0,0,13,0.051210443209274537,0,0
0,2.7,0,0,0,13,0.049737078617170374,0,0
0,4.016666666666667,0,0,0,13,0.03960683116402961,0,0
0,0.03333333333333333,0,0,0,14,1.6974749462184358,0,0
0,0.05,0,0,0,14,0.3962153903100272,0,0
0,0.08333333333333333,0,0,0,14,0.1817129585030672,0,0
0,0.11666666666666667,0,0,0,14,0.15450507233487337,0,0
0,0.15,0,0,0,14,0.10448546841442027,0,0
0,0.21666666666666667,0,0,0,14,0.08733478548607608,0,0
0,0.31666666666666665,0,0,0,14,0.08909161531456382,0,0
0,0.45,0,0,0,14,0.07279358083455789,0,0
0,0.65,0,0,0,14,0.06498308736798877,0,0
0,0.95,0,0,0,14,0.05371291488283297,0,0
0,1.3666666666666667,0,0,0,14,0.062334714737460696,0,0
0,1.9833333333333334,0,0,0,14,0.052023165587510065,0,0
0,2.8666666666666667,0,0,0,14,0.04551204669706722,0,0
0,4.133333333333334,0,0,0,14,0.040834126417138,0,0
0,0.03333333333333333,0,0,0,15,1.6974749462184358,0,0
0,0.05,0,0,0,15,0.5593667629140747,0,0
0,0.06666666666666667,0,0,0,15,0.20991754583450778,0,0
0,0.1,0,0,0,15,0.16250022108135326,0,0
0,0.13333333333333333,0,0,0,15,0.12481667361873426,0,0
0,0.2,0,0,0,15,0.09219507729721853,0,0
0,0.26666666666666666,0,0,0,15,0.08798794405309046,0,0
0,0.38333333333333336,0,0,0,15,0.08568114182120819,0,0
0,0.5333333333333333,0,0,0,15,0.06876237794894356,0,0
0,0.7666666666666667,0,0,0,15,0.05683093649501901,0,0
0,1.0666666666666667,0,0,0,15,0.05614825124962306,0,0
0,1.5,0,0,0,15,0.04116317426071211,0,0
0,2.1333333333333333,0,0,0,15,0.07361560434267857,0,0
0,3.0166666666666666,0,0,0,15,0.03952197462485219,0,0
0,4.233333333333333,0,0,0,15,0.041054526446950367,0,0
0,0.03333333333333333,0,0,0,16,1.6974749462184358,0,0
0,0.05,0,0,0,16,0.5593667629140747,0,0
0,0.06666666666666667,0,0,0,16,0.20991754583450778,0,0
0,0.1,0,0,0,16,0.16250022108135326,0,0
0,0.13333333333333333,0,0,0,16,0.1326419027214113,0,0
0,0.18333333333333332,0,0,0,16,0.08951893569161966,0,0
0,0.25,0,0,0,16,0.09636041547981117,0,0
0,0.3333333333333333,0,0,0,16,0.08634205067727857,0,0
0,0.45,0,0,0,16,0.07400868470066752,0,0
0,0.6333333333333333,0,0,0,16,0.0682575354971175,0,0
0,0.8666666666666667,0,0,0,16,0.05356578315402881,0,0
0,1.1833333333333333,0,0,0,16,0.062223258337832744,0,0
0,1.65,0,0,0,16,0.035367776401633,0,0
0,2.2666666666666666,0,0,0,16,0.0766267122522591,0,0
0,3.1333333333333333,0,0,0,16,0.041456103814030754,0,0
0,4.35,0,0,0,16,0.035847628781536515,0,0
0,0.03333333333333333,0,0,0,17,1.6974749462184358,0,0
0,0.05,0,0,0,17,0.5593667629140747,0,0
0,0.06666666666666667,0,0,0,17,0.2751991033488881,0,0
0,0.08333333333333333,0,0,0,17,0.1817129585030672,0,0
0,0.11666666666666667,0,0,0,17,0.14578412253413478,0,0
0,0.16666666666666666,0,0,0,17,0.0976046360101267,0,0
0,0.21666666666666667,0,0,0,17,0.08796570449334783,0,0
0,0.2833333333333333,0,0,0,17,0.09130732963587562,0,0
0,0.4,0,0,0,17,0.08477346190884312,0,0
0,0.5333333333333333,0,0,0,17,0.06566963490542058,0,0
0,0.7166666666666667,0,0,0,17,0.06168510348132016,0,0
0,0.9666666666666667,0,0,0,17,0.0571077785317235,0,0
0,1.3166666666666667,0,0,0,17,0.05688063235558367,0,0
0,1.7666666666666666,0,0,0,17,0.04747995898139413,0,0
0,2.4166666666666665,0,0,0,17,0.06971834630778391,0,0
0,3.25,0,0,0,17,0.04049686244781374,0,0
0,4.416666666666667,0,0,0,17,0.0358893766629136,0,0
0,0.03333333333333333,0,0,0,18,1.6974749462184358,0,0
0,0.05,0,0,0,18,0.5593667629140747,0,0
0,0.06666666666666667,0,0,0,18,0.2751991033488881,0,0
0,0.08333333333333333,0,0,0,18,0.1817129585030672,0,0
0,0.11666666666666667,0,0,0,18,0.15450507233487337,0,0
0,0.15,0,0,0,18,0.1079592575257569,0,0
0,0.2,0,0,0,18,0.09219507729721853,0,0
0,0.26666666666666666,0,0,0,18,0.0944662142160482,0,0
0,0.35,0,0,0,18,0.0821549885105922,0,0
0,0.45,0,0,0,18,0.07428594431244402,0,0
0,0.6,0,0,0,18,0.07006023486480195,0,0
0,0.8,0,0,0,18,0.0571666906308342,0,0
0,1.0666666666666667,0,0,0,18,0.05099668565768015,0,0
0,1.4166666666666667,0,0,0,18,0.07065382271406011,0,0
0,1.9166666666666667,0,0,0,18,0.04746090462819553,0,0
0,2.533333333333333,0,0,0,18,0.06799683052508015,0,0
0,3.3666666666666667,0,0,0,18,0.038770881564020726,0,0
0,4.516666666666667,0,0,0,18,0.03627091225926706,0,0
0,0.03333333333333333,0,0,0,19,1.6974749462184358,0,0
0,0.05,0,0,0,19,0.5593667629140747,0,0
0,0.06666666666666667,0,0,0,19,0.2751991033488881,0,0
0,0.08333333333333333,0,0,0,19,0.17344531376229233,0,0
0,0.1,0,0,0,19,0.16250022108135326,0,0
0,0.13333333333333333,0,0,0,19,0.1326419027214113,0,0
0,0.18333333333333332,0,0,0,19,0.09348573922290697,0,0
0,0.23333333333333334,0,0,0,19,0.08587769492007938,0,0
0,0.3,0,0,0,19,0.089145891970018,0,0
0,0.4,0,0,0,19,0.08372805520358215,0,0
0,0.5166666666666667,0,0,0,19,0.06853310070641014,0,0
0,0.6833333333333333,0,0,0,19,0.06346766204994088,0,0
0,0.9,0,0,0,19,0.05405425821430736,0,0
0,1.1666666666666667,0,0,0,19,0.05891643156575563,0,0
0,1.5333333333333334,0,0,0,19,0.053870596288590054,0,0
0,2.0166666666666666,0,0,0,19,0.05035147791990225,0,0
0,2.65,0,0,0,19,0.06690357932810737,0,0
0,3.466666666666667,0,0,0,19,0.0394958140842559,0,0
0,4.566666666666666,0,0,0,19,0.0362516168129589,0,0
0,0.03333333333333333,0,0,0,20,1.6974749462184358,0,0
0,0.05,0,0,0,20,0.5593667629140747,0,0
0,0.06666666666666667,0,0,0,20,0.2751991033488881,0,0
0,0.08333333333333333,0,0,0,20,0.17344531376229233,0,0
0,0.1,0,0,0,20,0.16250022108135326,0,0
0,0.13333333333333333,0,0,0,20,0.1467618108346782,0,0
0,0.16666666666666666,0,0,0,20,0.0976046360101267,0,0
0,0.21666666666666667,0,0,0,20,0.08970731263528699,0,0
0,0.26666666666666666,0,0,0,20,0.0944662142160482,0,0
0,0.35,0,0,0,20,0.0821549885105922,0,0
0,0.45,0,0,0,20,0.07657837619882402,0,0
0,0.5833333333333334,0,0,0,20,0.0703944431287816,0,0
0,0.7666666666666667,0,0,0,20,0.056286525295583555,0,0
0,0.9833333333333333,0,0,0,20,0.05496712206416282,0,0
0,1.2666666666666666,0,0,0,20,0.06111306554526737,0,0
0,1.65,0,0,0,20,0.03571102548285013,0,0
0,2.1333333333333333,0,0,0,20,0.06479951481937651,0,0
0,2.75,0,0,0,20,0.0581056280430927,0,0
0,3.566666666666667,0,0,0,20,0.038867822941160014,0,0
0,4.616666666666666,0,0,0,20,0.03752124287403659,0,0
0,0.03333333333333333,0,0,0,21,1.6974749462184358,0,0
0,0.05,0,0,0,21,0.5593667629140747,0,0
0,0.06666666666666667,0,0,0,21,0.2751991033488881,0,0
0,0.08333333333333333,0,0,0,21,0.17344531376229233,0,0
0,0.1,0,0,0,21,0.18174151419529855,0,0
0,0.11666666666666667,0,0,0,21,0.15450507233487337,0,0
0,0.15,0,0,0,21,0.1079592575257569,0,0
0,0.2,0,0,0,21,0.08826319673331603,0,0
0,0.25,0,0,0,21,0.0933658790140509,0,0
0,0.31666666666666665,0,0,0,21,0.08999571954972033,0,0
0,0.4,0,0,0,21,0.08372805520358215,0,0
0,0.5166666666666667,0,0,0,21,0.06783270970933612,0,0
0,0.65,0,0,0,21,0.06717409099359459,0,0
0,0.8333333333333334,0,0,0,21,0.057259418283178654,0,0
0,1.0666666666666667,0,0,0,21,0.05322568712639648,0,0
0,1.3666666666666667,0,0,0,21,0.0662731754314762,0,0
0,1.75,0,0,0,21,0.03196864520769834,0,0
0,2.25,0,0,0,21,0.07244369620736463,0,0
0,2.8666666666666667,0,0,0,21,0.05452590628473014,0,0
0,3.65,0,0,0,21,0.043233476543065114,0,0
0,4.683333333333334,0,0,0,21,0.03230228737515624,0,0
0,0.03333333333333333,0,0,0,22,1.6974749462184358,0,0
0,0.05,0,0,0,22,0.5593667629140747,0,0
0,0.06666666666666667,0,0,0,22,0.2751991033488881,0,0
0,0.08333333333333333,0,0,0,22,0.17344531376229233,0,0
0,0.1,0,0,0,22,0.18174151419529855,0,0
0,0.11666666666666667,0,0,0,22,0.15450507233487337,0,0
0,0.15,0,0,0,22,0.1127984230631524,0,0
0,0.18333333333333332,0,0,0,22,0.09348573922290697,0,0
0,0.23333333333333334,0,0,0,22,0.08631345192350408,0,0
0,0.2833333333333333,0,0,0,22,0.09320351464873781,0,0
0,0.36666666666666664,0,0,0,22,0.08633091006194948,0,0
0,0.45,0,0,0,22,0.07786036207853037,0,0
0,0.5666666666666667,0,0,0,22,0.06742726427035366,0,0
0,0.7166666666666667,0,0,0,22,0.06385879394707934,0,0
0,0.9166666666666666,0,0,0,22,0.05328085531449648,0,0
0,1.15,0,0,0,22,0.05945105731467883,0,0
0,1.4666666666666666,0,0,0,22,0.06222831292151205,0,0
0,1.85,0,0,0,22,0.0429732396681846,0,0
0,2.35,0,0,0,22,0.07431179908494617,0,0
0,2.966666666666667,0,0,0,22,0.04334267126196188,0,0
0,3.7333333333333334,0,0,0,22,0.04257123488528785,0,0
0,4.733333333333333,0,0,0,22,0.03340405243433502,0,0
0,0.03333333333333333,0,0,0,23,1.6974749462184358,0,0
0,0.05,0,0,0,23,0.5593667629140747,0,0
0,0.06666666666666667,0,0,0,23,0.2751991033488881,0,0
0,0.08333333333333333,0,0,0,23,0.1817129585030672,0,0
0,0.11666666666666667,0,0,0,23,0.14377031638416488,0,0
0,0.13333333333333333,0,0,0,23,0.1467618108346782,0,0
0,0.16666666666666666,0,0,0,23,0.0976046360101267,0,0
0,0.21666666666666667,0,0,0,23,0.08970731263528699,0,0
0,0.26666666666666666,0,0,0,23,0.09141481193944366,0,0
0,0.3333333333333333,0,0,0,23,0.08535602382391276,0,0
0,0.4,0,0,0,23,0.08534399595481915,0,0
0,0.5,0,0,0,23,0.07087311478526659,0,0
0,0.6333333333333333,0,0,0,23,0.06928706829391629,0,0
0,0.8,0,0,0,23,0.055458667752608166,0,0
0,1.0,0,0,0,23,0.054922278768544684,0,0
0,1.2333333333333334,0,0,0,23,0.0653456478977786,0,0
0,1.55,0,0,0,23,0.04707772668066023,0,0
0,1.9666666666666666,0,0,0,23,0.047392929210838555,0,0
0,2.433333333333333,0,0,0,23,0.0742319805618699,0,0
0,3.05,0,0,0,23,0.04037335860855727,0,0
0,3.816666666666667,0,0,0,23,0.04749735459024415,0,0
0,4.783333333333333,0,0,0,23,0.03379499274466977,0,0
0,0.03333333333333333,0,0,0,24,1.6974749462184358,0,0
0,0.05,0,0,0,24,0.5593667629140747,0,0
0,0.06666666666666667,0,0,0,24,0.2751991033488881,0,0
0,0.08333333333333333,0,0,0,24,0.17344531376229233,0,0
0,0.1,0,0,0,24,0.16250022108135326,0,0
0,0.13333333333333333,0,0,0,24,0.1467618108346782,0,0
0,0.16666666666666666,0,0,0,24,0.09944660292041171,0,0
0,0.2,0,0,0,24,0.08826319673331603,0,0
0,0.25,0,0,0,24,0.08905780388413644,0,0
0,0.3,0,0,0,24,0.09163907632168945,0,0
0,0.36666666666666664,0,0,0,24,0.08633091006194948,0,0
0,0.45,0,0,0,24,0.07786036207853037,0,0
0,0.5666666666666667,0,0,0,24,0.06425133039333418,0,0
0,0.7,0,0,0,24,0.07280790954040534,0,0
0,0.8666666666666667,0,0,0,24,0.055399329930574955,0,0
0,1.0666666666666667,0,0,0,24,0.05460712312382059,0,0
0,1.3333333333333333,0,0,0,24,0.059327431703390686,0,0
0,1.65,0,0,0,24,0.04161027252365708,0,0
0,2.033333333333333,0,0,0,24,0.053329722652304706,0,0
0,2.533333333333333,0,0,0,24,0.07580835143820427,0,0
0,3.1333333333333333,0,0,0,24,0.041167332842608324,0,0
0,3.9,0,0,0,24,0.04808952617919642,0,0
0,4.85,0,0,0,24,0.03386244401166193,0,0
0,0.03333333333333333,0,0,0,25,1.6974749462184358,0,0
0,0.05,0,0,0,25,0.5593667629140747,0,0
0,0.06666666666666667,0,0,0,25,0.2751991033488881,0,0
0,0.08333333333333333,0,0,0,25,0.17344531376229233,0,0
0,0.1,0,0,0,25,0.18174151419529855,0,0
0,0.11666666666666667,0,0,0,25,0.15450507233487337,0,0
0,0.15,0,0,0,25,0.1127984230631524,0,0
0,0.18333333333333332,0,0,0,25,0.0920066792587687,0,0
0,0.21666666666666667,0,0,0,25,0.08970731263528699,0,0
0,0.26666666666666666,0,0,0,25,0.09141481193944366,0,0
0,0.3333333333333333,0,0,0,25,0.09038641413338391,0,0
0,0.4166666666666667,0,0,0,25,0.07674988637898349,0,0
0,0.5,0,0,0,25,0.06909384003973731,0,0
0,0.6166666666666667,0,0,0,25,0.0735225717859776,0,0
0,0.7666666666666667,0,0,0,25,0.05826645826365904,0,0
0,0.9333333333333333,0,0,0,25,0.053000480448962474,0,0
0,1.15,0,0,0,25,0.056764633473185874,0,0
0,1.4,0,0,0,25,0.06996391677064175,0,0
0,1.75,0,0,0,25,0.03197140263022961,0,0
0,2.1333333333333333,0,0,0,25,0.0665396268153424,0,0
0,2.6333333333333333,0,0,0,25,0.07456485609633426,0,0
0,3.2333333333333334,0,0,0,25,0.03900713751324375,0,0
0,3.966666666666667,0,0,0,25,0.04824115048692332,0,0
0,4.866666666666666,0,0,0,25,0.033804482067086854,0,0
0,0.03333333333333333,0,0,0,26,1.6974749462184358,0,0
0,0.05,0,0,0,26,0.5593667629140747,0,0
0,0.06666666666666667,0,0,0,26,0.2751991033488881,0,0
0,0.08333333333333333,0,0,0,26,0.17344531376229233,0,0
0,0.1,0,0,0,26,0.18174151419529855,0,0
0,0.11666666666666667,0,0,0,26,0.15450507233487337,0,0
0,0.15,0,0,0,26,0.12243520673791969,0,0
0,0.16666666666666666,0,0,0,26,0.0976046360101267,0,0
0,0.21666666666666667,0,0,0,26,0.0851496297665991,0,0
0,0.25,0,0,0,26,0.08905780388413644,0,0
0,0.3,0,0,0,26,0.09163907632168945,0,0
0,0.36666666666666664,0,0,0,26,0.08633091006194948,0,0
0,0.45,0,0,0,26,0.08091224866876681,0,0
0,0.55,0,0,0,26,0.06358493967316063,0,0
0,0.6666666666666666,0,0,0,26,0.06880876847139175,0,0
0,0.8166666666666667,0,0,0,26,0.055896456839705844,0,0
0,1.0,0,0,0,26,0.05543963309948039,0,0
0,1.2166666666666666,0,0,0,26,0.06035212840810294,0,0
0,1.4833333333333334,0,0,0,26,0.07942681747513819,0,0
0,1.8166666666666667,0,0,0,26,0.014787414434043548,0,0
0,2.216666666666667,0,0,0,26,0.0699984368135771,0,0
0,2.7,0,0,0,26,0.07247049251743863,0,0
0,3.3,0,0,0,26,0.03495977143572091,0,0
0,4.016666666666667,0,0,0,26,0.04912904945653724,0,0
0,4.916666666666667,0,0,0,26,0.030648806898635805,0,0
0,0.03333333333333333,0,0,0,27,1.6974749462184358,0,0
0,0.05,0,0,0,27,0.5593667629140747,0,0
0,0.06666666666666667,0,0,0,27,0.2751991033488881,0,0
0,0.08333333333333333,0,0,0,27,0.17344531376229233,0,0
0,0.1,0,0,0,27,0.18174151419529855,0,0
0,0.11666666666666667,0,0,0,27,0.14377031638416488,0,0
0,0.13333333333333333,0,0,0,27,0.1467618108346782,0,0
0,0.16666666666666666,0,0,0,27,0.09944660292041171,0,0
0,0.2,0,0,0,27,0.0937078674946286,0,0
0,0.23333333333333334,0,0,0,27,0.08631345192350408,0,0
0,0.2833333333333333,0,0,0,27,0.09942947835599042,0,0
0,0.35,0,0,0,27,0.08575694417811756,0,0
0,0.4166666666666667,0,0,0,27,0.07674988637898349,0,0
0,0.5,0,0,0,27,0.07030510322821905,0,0
0,0.6,0,0,0,27,0.07058198072569448,0,0
0,0.7333333333333333,0,0,0,27,0.06391909397396989,0,0
0,0.8833333333333333,0,0,0,27,0.05737880551836145,0,0
0,1.0666666666666667,0,0,0,27,0.05291899375603274,0,0
0,1.3,0,0,0,27,0.062377998016141786,0,0
0,1.5833333333333333,0,0,0,27,0.048134278779385795,0,0
0,1.9166666666666667,0,0,0,27,0.022004039552170014,0,0
0,2.3,0,0,0,27,0.07225558102174866,0,0
0,2.8,0,0,0,27,0.06916449263530744,0,0
0,3.3666666666666667,0,0,0,27,0.03548852844223018,0,0
0,4.083333333333333,0,0,0,27,0.05397812865474295,0,0
0,4.95,0,0,0,27,0.02543392448783509,0,0
0,0.03333333333333333,0,0,0,28,1.6974749462184358,0,0
0,0.05,0,0,0,28,0.5593667629140747,0,0
0,0.06666666666666667,0,0,0,28,0.2751991033488881,0,0
0,0.08333333333333333,0,0,0,28,0.17344531376229233,0,0
0,0.1,0,0,0,28,0.18174151419529855,0,0
0,0.11666666666666667,0,0,0,28,0.14377031638416488,0,0
0,0.13333333333333333,0,0,0,28,0.1669933921237847,0,0
0,0.15,0,0,0,28,0.1127984230631524,0,0
0,0.18333333333333332,0,0,0,28,0.0920066792587687,0,0
0,0.21666666666666667,0,0,0,28,0.08970731263528699,0,0
0,0.26666666666666666,0,0,0,28,0.08474013759966555,0,0
0,0.31666666666666665,0,0,0,28,0.08820142163774701,0,0
0,0.38333333333333336,0,0,0,28,0.08993636627851051,0,0
0,0.45,0,0,0,28,0.08091224866876681,0,0
0,0.55,0,0,0,28,0.06356079741896996,0,0
0,0.65,0,0,0,28,0.0707276208223724,0,0
0,0.7833333333333333,0,0,0,28,0.059082901070891175,0,0
0,0.95,0,0,0,28,0.04954722745436613,0,0
0,1.1333333333333333,0,0,0,28,0.06176330702063237,0,0
0,1.3666666666666667,0,0,0,28,0.06487367914476089,0,0
0,1.65,0,0,0,28,0.051284880825902865,0,0
0,1.9833333333333334,0,0,0,28,0.04511032753639824,0,0
0,2.3833333333333333,0,0,0,28,0.06335880785963893,0,0
0,2.8666666666666667,0,0,0,28,0.06916449263530744,0,0
0,3.433333333333333,0,0,0,28,0.035329124984691755,0,0
0,4.133333333333334,0,0,0,28,0.055978629300254275,0,0
0,4.983333333333333,0,0,0,28,0.028487507713735538,0,0
0,0.03333333333333333,0,0,0,29,1.6974749462184358,0,0
0,0.05,0,0,0,29,0.5593667629140747,0,0
0,0.06666666666666667,0,0,0,29,0.2751991033488881,0,0
0,0.08333333333333333,0,0,0,29,0.17344531376229233,0,0
0,0.1,0,0,0,29,0.16250022108135326,0,0
0,0.13333333333333333,0,0,0,29,0.1669933921237847,0,0
0,0.15,0,0,0,29,0.1127984230631524,0,0
0,0.18333333333333332,0,0,0,29,0.09096719226605572,0,0
0,0.2,0,0,0,29,0.08826319673331603,0,0
0,0.25,0,0,0,29,0.08905780388413644,0,0
0,0.3,0,0,0,29,0.09969821148257185,0,0
0,0.35,0,0,0,29,0.08575694417811756,0,0
0,0.4166666666666667,0,0,0,29,0.07674988637898349,0,0
0,0.5,0,0,0,29,0.07030510322821905,0,0
0,0.6,0,0,0,29,0.06501294812638053,0,0
0,0.7,0,0,0,29,0.07045643523562903,0,0
0,0.85,0,0,0,29,0.05551975719860326,0,0
0,1.0,0,0,0,29,0.056522578271265084,0,0
0,1.2,0,0,0,29,0.05727152654272051,0,0
0,1.4333333333333333,0,0,0,29,0.0606540760280535,0,0
0,1.7166666666666666,0,0,0,29,0.041517740662338556,0,0
0,2.05,0,0,0,29,0.05489837327867797,0,0
0,2.466666666666667,0,0,0,29,0.07121321856302648,0,0
0,2.933333333333333,0,0,0,29,0.059694056697524,0,0
0,3.5166666666666666,0,0,0,29,0.03341686929642056,0,0
0,4.183333333333334,0,0,0,29,0.056214192473026545,0,0
0,5.016666666666667,0,0,0,29,0.030306717140773754,0,0
0,0.03333333333333333,0,0,0,10,2.0061375998499678,0,0
0,0.06666666666666667,0,0,0,10,nan,0,0
0,0.1,0,0,0,10,0.3765403597396087,0,0
0,0.16666666666666666,0,0,0,10,0.2679756567470715,0,0
0,0.26666666666666666,0,0,0,10,0.16959069371869454,0,0
0,0.45,0,0,0,10,0.1771035982588647,0,0
0,0.7666666666666667,0,0,0,10,0.15176310937471632,0,0
0,1.2666666666666666,0,0,0,10,0.13935611076427742,0,0
0,2.1333333333333333,0,0,0,10,0.14406646427783718,0,0
0,3.566666666666667,0,0,0,10,0.15490034563422997,0,0
0,0.03333333333333333,0,0,0,11,2.0061375998499678,0,0
0,0.06666666666666667,0,0,0,11,nan,0,0
0,0.1,0,0,0,11,0.40135461847990833,0,0
0,0.15,0,0,0,11,0.2802893294245762,0,0
0,0.23333333333333334,0,0,0,11,0.177937195915964,0,0
0,0.36666666666666664,0,0,0,11,0.18154288430426177,0,0
0,0.5666666666666667,0,0,0,11,0.1654864216995439,0,0
0,0.9166666666666666,0,0,0,11,0.15432450842171697,0,0
0,1.4666666666666666,0,0,0,11,0.15401185668901932,0,0
0,2.35,0,0,0,11,0.14860858031355303,0,0
0,3.7333333333333334,0,0,0,11,0.15868064430192322,0,0
0,0.03333333333333333,0,0,0,12,2.0061375998499678,0,0
0,0.06666666666666667,0,0,0,12,1.227601196308098,0,0
0,0.08333333333333333,0,0,0,12,0.4920838487548538,0,0
0,0.13333333333333333,0,0,0,12,0.3011969607165573,0,0
0,0.2,0,0,0,12,0.23270160853451063,0,0
0,0.3,0,0,0,12,0.16752115744916773,0,0
0,0.45,0,0,0,12,0.17756792616154493,0,0
0,0.7,0,0,0,12,0.16066292498219717,0,0
0,1.0666666666666667,0,0,0,12,0.14754710099159568,0,0
0,1.65,0,0,0,12,0.17197886539229773,0,0
0,2.533333333333333,0,0,0,12,0.13366898969560215,0,0
0,3.9,0,0,0,12,0.16311994286178946,0,0
0,0.03333333333333333,0,0,0,13,1.4531933519783011,0,0
0,0.05,0,0,0,13,1.6546922703409512,0,0
0,0.08333333333333333,0,0,0,13,0.5439586101385274,0,0
0,0.11666666666666667,0,0,0,13,0.35233625824646814,0,0
0,0.16666666666666666,0,0,0,13,0.2672668825978077,0,0
0,0.25,0,0,0,13,0.17264816849856768,0,0
0,0.36666666666666664,0,0,0,13,0.18104420894549358,0,0
0,0.55,0,0,0,13,0.17022374069464788,0,0
0,0.8166666666666667,0,0,0,13,0.15637223402909547,0,0
0,1.2166666666666666,0,0,0,13,0.11443061294288602,0,0
0,1.8166666666666667,0,0,0,13,0.16013488076106955,0,0
0,2.7,0,0,0,13,0.14282894355505954,0,0
0,4.016666666666667,0,0,0,13,0.1571717399031261,0,0
0,0.03333333333333333,0,0,0,14,1.4531933519783011,0,0
0,0.05,0,0,0,14,1.6546922703409512,0,0
0,0.08333333333333333,0,0,0,14,0.5439586101385274,0,0
0,0.11666666666666667,0,0,0,14,0.37523587000481323,0,0
0,0.15,0,0,0,14,0.2747537554455517,0,0
0,0.21666666666666667,0,0,0,14,0.22485255106719043,0,0
0,0.31666666666666665,0,0,0,14,0.1694615208249772,0,0
0,0.45,0,0,0,14,0.17244715973690497,0,0
0,0.65,0,0,0,14,0.17057362623464875,0,0
0,0.95,0,0,0,14,0.15694599608299262,0,0
0,1.3666666666666667,0,0,0,14,0.13282394217525242,0,0
0,1.9833333333333334,0,0,0,14,0.14583439010310412,0,0
0,2.8666666666666667,0,0,0,14,0.14594969799435986,0,0
0,4.133333333333334,0,0,0,14,0.15836228263700983,0,0
0,0.03333333333333333,0,0,0,15,1.4531933519783011,0,0
0,0.05,0,0,0,15,2.2926885283467886,0,0
0,0.06666666666666667,0,0,0,15,nan,0,0
0,0.1,0,0,0,15,0.43200525107017435,0,0
0,0.13333333333333333,0,0,0,15,0.3011969607165573,0,0
0,0.2,0,0,0,15,0.2585913015434177,0,0
0,0.26666666666666666,0,0,0,15,0.16143659751043218,0,0
0,0.38333333333333336,0,0,0,15,0.18396075496334605,0,0
0,0.5333333333333333,0,0,0,15,0.1762169544682636,0,0
0,0.7666666666666667,0,0,0,15,0.15250127477570813,0,0
0,1.0666666666666667,0,0,0,15,0.14463751401639924,0,0
0,1.5,0,0,0,15,0.16570391603697499,0,0
0,2.1333333333333333,0,0,0,15,0.15162783795474455,0,0
0,3.0166666666666666,0,0,0,15,0.13855669941506965,0,0
0,4.233333333333333,0,0,0,15,0.1573747042194495,0,0
0,0.03333333333333333,0,0,0,16,1.4531933519783011,0,0
0,0.05,0,0,0,16,2.2926885283467886,0,0
0,0.06666666666666667,0,0,0,16,nan,0,0
0,0.1,0,0,0,16,0.43200525107017435,0,0
0,0.13333333333333333,0,0,0,16,0.3072562843338838,0,0
0,0.18333333333333332,0,0,0,16,0.2603669029730778,0,0
0,0.25,0,0,0,16,0.18436266216919858,0,0
0,0.3333333333333333,0,0,0,16,0.16839539366316805,0,0
0,0.45,0,0,0,16,0.17025922827385503,0,0
0,0.6333333333333333,0,0,0,16,0.17693196980466933,0,0
0,0.8666666666666667,0,0,0,16,0.15680111991847656,0,0
0,1.1833333333333333,0,0,0,16,0.10462105502527486,0,0
0,1.65,0,0,0,16,0.15230802773016458,0,0
0,2.2666666666666666,0,0,0,16,0.1525791943118819,0,0
0,3.1333333333333333,0,0,0,16,0.14314219520269453,0,0
0,4.35,0,0,0,16,0.15749363447783304,0,0
0,0.03333333333333333,0,0,0,17,1.4531933519783011,0,0
0,0.05,0,0,0,17,2.2926885283467886,0,0
0,0.06666666666666667,0,0,0,17,1.227601196308098,0,0
0,0.08333333333333333,0,0,0,17,0.5439586101385274,0,0
0,0.11666666666666667,0,0,0,17,0.35233625824646814,0,0
0,0.16666666666666666,0,0,0,17,0.2654198582492959,0,0
0,0.21666666666666667,0,0,0,17,0.2483347818938673,0,0
0,0.2833333333333333,0,0,0,17,0.17343177760087133,0,0
0,0.4,0,0,0,17,0.18087116290262487,0,0
0,0.5333333333333333,0,0,0,17,0.17447196040853935,0,0
0,0.7166666666666667,0,0,0,17,0.15827398475728138,0,0
0,0.9666666666666667,0,0,0,17,0.15606535955133433,0,0
0,1.3166666666666667,0,0,0,17,0.1312996708690062,0,0
0,1.7666666666666666,0,0,0,17,0.1485561791625538,0,0
0,2.4166666666666665,0,0,0,17,0.1469047687608258,0,0
0,3.25,0,0,0,17,0.14968352329600515,0,0
0,4.416666666666667,0,0,0,17,0.1532993248655778,0,0
0,0.03333333333333333,0,0,0,18,1.4531933519783011,0,0
0,0.05,0,0,0,18,2.2926885283467886,0,0
0,0.06666666666666667,0,0,0,18,1.227601196308098,0,0
0,0.08333333333333333,0,0,0,18,0.5439586101385274,0,0
0,0.11666666666666667,0,0,0,18,0.37523587000481323,0,0
0,0.15,0,0,0,18,0.29469234242138587,0,0
0,0.2,0,0,0,18,0.2585913015434177,0,0
0,0.26666666666666666,0,0,0,18,0.17012764627084476,0,0
0,0.35,0,0,0,18,0.1709136997576174,0,0
0,0.45,0,0,0,18,0.17920740578998054,0,0
0,0.6,0,0,0,18,0.1711838426761734,0,0
0,0.8,0,0,0,18,0.1533236701460241,0,0
0,1.0666666666666667,0,0,0,18,0.15336008585883876,0,0
0,1.4166666666666667,0,0,0,18,0.14285857329973867,0,0
0,1.9166666666666667,0,0,0,18,0.16511204387966977,0,0
0,2.533333333333333,0,0,0,18,0.12721983662524922,0,0
0,3.3666666666666667,0,0,0,18,0.15826890352908268,0,0
0,4.516666666666667,0,0,0,18,0.15743970664976278,0,0
0,0.03333333333333333,0,0,0,19,1.4531933519783011,0,0
0,0.05,0,0,0,19,2.2926885283467886,0,0
0,0.06666666666666667,0,0,0,19,1.227601196308098,0,0
0,0.08333333333333333,0,0,0,19,0.6542574041957135,0,0
0,0.1,0,0,0,19,0.43200525107017435,0,0
0,0.13333333333333333,0,0,0,19,0.3072562843338838,0,0
0,0.18333333333333332,0,0,0,19,0.2691009877065438,0,0
0,0.23333333333333334,0,0,0,19,0.2090980473828655,0,0
0,0.3,0,0,0,19,0.16265783816032722,0,0
0,0.4,0,0,0,19,0.18400227086465837,0,0
0,0.5166666666666667,0,0,0,19,0.16438117647050254,0,0
0,0.6833333333333333,0,0,0,19,0.16865567700942286,0,0
0,0.9,0,0,0,19,0.1640985627066858,0,0
0,1.1666666666666667,0,0,0,19,0.10150748179979124,0,0
0,1.5333333333333334,0,0,0,19,0.16048162060111942,0,0
0,2.0166666666666666,0,0,0,19,0.16309218250470028,0,0
0,2.65,0,0,0,19,0.13464704898698432,0,0
0,3.466666666666667,0,0,0,19,0.1636456594419993,0,0
0,4.566666666666666,0,0,0,19,0.15805128185832387,0,0
0,0.03333333333333333,0,0,0,20,1.4531933519783011,0,0
0,0.05,0,0,0,20,2.2926885283467886,0,0
0,0.06666666666666667,0,0,0,20,1.227601196308098,0,0
0,0.08333333333333333,0,0,0,20,0.6542574041957135,0,0
0,0.1,0,0,0,20,0.43200525107017435,0,0
0,0.13333333333333333,0,0,0,20,0.3139909119891754,0,0
0,0.16666666666666666,0,0,0,20,0.2654198582492959,0,0
0,0.21666666666666667,0,0,0,20,0.2724069087153008,0,0
0,0.26666666666666666,0,0,0,20,0.17012764627084476,0,0
0,0.35,0,0,0,20,0.1709136997576174,0,0
0,0.45,0,0,0,20,0.18373858197119725,0,0
0,0.5833333333333334,0,0,0,20,0.16860430046377628,0,0
0,0.7666666666666667,0,0,0,20,0.1472636827708587,0,0
0,0.9833333333333333,0,0,0,20,0.1640394629157363,0,0
0,1.2666666666666666,0,0,0,20,0.10848311497743196,0,0
0,1.65,0,0,0,20,0.1715467369965594,0,0
0,2.1333333333333333,0,0,0,20,0.13196687874114713,0,0
0,2.75,0,0,0,20,0.1534908862030417,0,0
0,3.566666666666667,0,0,0,20,0.1561291421134497,0,0
0,4.616666666666666,0,0,0,20,0.15603603950377465,0,0
0,0.03333333333333333,0,0,0,21,1.4531933519783011,0,0
0,0.05,0,0,0,21,2.2926885283467886,0,0
0,0.06666666666666667,0,0,0,21,1.227601196308098,0,0
0,0.08333333333333333,0,0,0,21,0.6542574041957135,0,0
0,0.1,0,0,0,21,0.46735854731679854,0,0
0,0.11666666666666667,0,0,0,21,0.37523587000481323,0,0
0,0.15,0,0,0,21,0.29469234242138587,0,0
0,0.2,0,0,0,21,0.25113598224367034,0,0
0,0.25,0,0,0,21,0.1987955566502303,0,0
0,0.31666666666666665,0,0,0,21,0.16480166500173876,0,0
0,0.4,0,0,0,21,0.18400227086465837,0,0
0,0.5166666666666667,0,0,0,21,0.16344958005666568,0,0
0,0.65,0,0,0,21,0.17252200662827516,0,0
0,0.8333333333333334,0,0,0,21,0.15951198215681664,0,0
0,1.0666666666666667,0,0,0,21,0.15827307904749802,0,0
0,1.3666666666666667,0,0,0,21,0.116881886625379,0,0
0,1.75,0,0,0,21,0.14703732577563683,0,0
0,2.25,0,0,0,21,0.1453724043684563,0,0
0,2.8666666666666667,0,0,0,21,0.15119991975475197,0,0
0,3.65,0,0,0,21,0.16748119080405985,0,0
0,4.683333333333334,0,0,0,21,0.15518251624537246,0,0
0,0.03333333333333333,0,0,0,22,1.4531933519783011,0,0
0,0.05,0,0,0,22,2.2926885283467886,0,0
0,0.06666666666666667,0,0,0,22,1.227601196308098,0,0
0,0.08333333333333333,0,0,0,22,0.6542574041957135,0,0
0,0.1,0,0,0,22,0.46735854731679854,0,0
0,0.11666666666666667,0,0,0,22,0.37523587000481323,0,0
0,0.15,0,0,0,22,0.30084085826397844,0,0
0,0.18333333333333332,0,0,0,22,0.2691009877065438,0,0
0,0.23333333333333334,0,0,0,22,0.22438035369530784,0,0
0,0.2833333333333333,0,0,0,22,0.17299030801780255,0,0
0,0.36666666666666664,0,0,0,22,0.178600000491425,0,0
0,0.45,0,0,0,22,0.1842353730304576,0,0
0,0.5666666666666667,0,0,0,22,0.16909230472955977,0,0
0,0.7166666666666667,0,0,0,22,0.15987485270597548,0,0
0,0.9166666666666666,0,0,0,22,0.16159410771522686,0,0
0,1.15,0,0,0,22,0.091718842818741,0,0
0,1.4666666666666666,0,0,0,22,0.16125955395397432,0,0
0,1.85,0,0,0,22,0.14551845402985983,0,0
0,2.35,0,0,0,22,0.14360563175925586,0,0
0,2.966666666666667,0,0,0,22,0.15120142106375503,0,0
0,3.7333333333333334,0,0,0,22,0.1607802203885493,0,0
0,4.733333333333333,0,0,0,22,0.16237346050411147,0,0
0,0.03333333333333333,0,0,0,23,1.4531933519783011,0,0
0,0.05,0,0,0,23,2.2926885283467886,0,0
0,0.06666666666666667,0,0,0,23,1.227601196308098,0,0
0,0.08333333333333333,0,0,0,23,0.5439586101385274,0,0
0,0.11666666666666667,0,0,0,23,0.41251255320935415,0,0
0,0.13333333333333333,0,0,0,23,0.3139909119891754,0,0
0,0.16666666666666666,0,0,0,23,0.2654198582492959,0,0
0,0.21666666666666667,0,0,0,23,0.2724069087153008,0,0
0,0.26666666666666666,0,0,0,23,0.17064895635525967,0,0
0,0.3333333333333333,0,0,0,23,0.1611600236132911,0,0
0,0.4,0,0,0,23,0.18499890007829792,0,0
0,0.5,0,0,0,23,0.15794216763223742,0,0
0,0.6333333333333333,0,0,0,23,0.18617920774811855,0,0
0,0.8,0,0,0,23,0.15622383490627187,0,0
0,1.0,0,0,0,23,0.1654313406904746,0,0
0,1.2333333333333334,0,0,0,23,0.08418487954767552,0,0
0,1.55,0,0,0,23,0.16301092642290801,0,0
0,1.9666666666666666,0,0,0,23,0.1369166494950271,0,0
0,2.433333333333333,0,0,0,23,0.15042131857284885,0,0
0,3.05,0,0,0,23,0.13055212390819532,0,0
0,3.816666666666667,0,0,0,23,0.1549016480497162,0,0
0,4.783333333333333,0,0,0,23,0.1582789591133701,0,0
0,0.03333333333333333,0,0,0,24,1.4531933519783011,0,0
0,0.05,0,0,0,24,2.2926885283467886,0,0
0,0.06666666666666667,0,0,0,24,1.227601196308098,0,0
0,0.08333333333333333,0,0,0,24,0.6542574041957135,0,0
0,0.1,0,0,0,24,0.43200525107017435,0,0
0,0.13333333333333333,0,0,0,24,0.3139909119891754,0,0
0,0.16666666666666666,0,0,0,24,0.28848792036619886,0,0
0,0.2,0,0,0,24,0.25113598224367034,0,0
0,0.25,0,0,0,24,0.21366836814769716,0,0
0,0.3,0,0,0,24,0.15587888682992887,0,0
0,0.36666666666666664,0,0,0,24,0.178600000491425,0,0
0,0.45,0,0,0,24,0.1842353730304576,0,0
0,0.5666666666666667,0,0,0,24,0.17084250521720948,0,0
0,0.7,0,0,0,24,0.1613867702541843,0,0
0,0.8666666666666667,0,0,0,24,0.16045034028455057,0,0
0,1.0666666666666667,0,0,0,24,0.1596696057098526,0,0
0,1.3333333333333333,0,0,0,24,0.1061290078535086,0,0
0,1.65,0,0,0,24,0.17454179116028432,0,0
0,2.033333333333333,0,0,0,24,0.16453038918121124,0,0
0,2.533333333333333,0,0,0,24,0.13395636703164096,0,0
0,3.1333333333333333,0,0,0,24,0.132664697230326,0,0
0,3.9,0,0,0,24,0.1684659461853957,0,0
0,4.85,0,0,0,24,0.16034414620571677,0,0
0,0.03333333333333333,0,0,0,25,1.4531933519783011,0,0
0,0.05,0,0,0,25,2.2926885283467886,0,0
0,0.06666666666666667,0,0,0,25,1.227601196308098,0,0
0,0.08333333333333333,0,0,0,25,0.6542574041957135,0,0
0,0.1,0,0,0,25,0.46735854731679854,0,0
0,0.11666666666666667,0,0,0,25,0.37523587000481323,0,0
0,0.15,0,0,0,25,0.30084085826397844,0,0
0,0.18333333333333332,0,0,0,25,0.2551449518913832,0,0
0,0.21666666666666667,0,0,0,25,0.2724069087153008,0,0
0,0.26666666666666666,0,0,0,25,0.17064895635525967,0,0
0,0.3333333333333333,0,0,0,25,0.16405955502646577,0,0
0,0.4166666666666667,0,0,0,25,0.1897754873769905,0,0
0,0.5,0,0,0,25,0.1672094727794483,0,0
0,0.6166666666666667,0,0,0,25,0.17617440338615362,0,0
0,0.7666666666666667,0,0,0,25,0.14979712378085952,0,0
0,0.9333333333333333,0,0,0,25,0.1551688932860927,0,0
0,1.15,0,0,0,25,0.10640811675363573,0,0
0,1.4,0,0,0,25,0.10953175816456838,0,0
0,1.75,0,0,0,25,0.1700664302296298,0,0
0,2.1333333333333333,0,0,0,25,0.1579880973856699,0,0
0,2.6333333333333333,0,0,0,25,0.13700654600329842,0,0
0,3.2333333333333334,0,0,0,25,0.14028914645447285,0,0
0,3.966666666666667,0,0,0,25,0.16812624496803746,0,0
0,4.866666666666666,0,0,0,25,0.16005439257556772,0,0
0,0.03333333333333333,0,0,0,26,1.4531933519783011,0,0
0,0.05,0,0,0,26,2.2926885283467886,0,0
0,0.06666666666666667,0,0,0,26,1.227601196308098,0,0
0,0.08333333333333333,0,0,0,26,0.6542574041957135,0,0
0,0.1,0,0,0,26,0.46735854731679854,0,0
0,0.11666666666666667,0,0,0,26,0.37523587000481323,0,0
0,0.15,0,0,0,26,0.3062144403536457,0,0
0,0.16666666666666666,0,0,0,26,0.2654198582492959,0,0
0,0.21666666666666667,0,0,0,26,0.2709632117100972,0,0
0,0.25,0,0,0,26,0.21366836814769716,0,0
0,0.3,0,0,0,26,0.15587888682992887,0,0
0,0.36666666666666664,0,0,0,26,0.178600000491425,0,0
0,0.45,0,0,0,26,0.18338162723666332,0,0
0,0.55,0,0,0,26,0.1628918503878233,0,0
0,0.6666666666666666,0,0,0,26,0.17821985406652963,0,0
0,0.8166666666666667,0,0,0,26,0.1617628184876456,0,0
0,1.0,0,0,0,26,0.1649239304850626,0,0
0,1.2166666666666666,0,0,0,26,0.08058236674057487,0,0
0,1.4833333333333334,0,0,0,26,0.15581669547532137,0,0
0,1.8166666666666667,0,0,0,26,0.14617238271051675,0,0
0,2.216666666666667,0,0,0,26,0.16381233809337503,0,0
0,2.7,0,0,0,26,0.14167833748166647,0,0
0,3.3,0,0,0,26,0.1425680575825037,0,0
0,4.016666666666667,0,0,0,26,0.1749742046350606,0,0
0,4.916666666666667,0,0,0,26,0.1605063512186261,0,0
0,0.03333333333333333,0,0,0,27,1.4531933519783011,0,0
0,0.05,0,0,0,27,2.2926885283467886,0,0
0,0.06666666666666667,0,0,0,27,1.227601196308098,0,0
0,0.08333333333333333,0,0,0,27,0.6542574041957135,0,0
0,0.1,0,0,0,27,0.46735854731679854,0,0
0,0.11666666666666667,0,0,0,27,0.41251255320935415,0,0
0,0.13333333333333333,0,0,0,27,0.3139909119891754,0,0
0,0.16666666666666666,0,0,0,27,0.28848792036619886,0,0
0,0.2,0,0,0,27,0.26143876609900807,0,0
0,0.23333333333333334,0,0,0,27,0.22438035369530784,0,0
0,0.2833333333333333,0,0,0,27,0.18158852164748773,0,0
0,0.35,0,0,0,27,0.16589363793143214,0,0
0,0.4166666666666667,0,0,0,27,0.1897754873769905,0,0
0,0.5,0,0,0,27,0.17161291720764923,0,0
0,0.6,0,0,0,27,0.16615951891503739,0,0
0,0.7333333333333333,0,0,0,27,0.15255909710338936,0,0
0,0.8833333333333333,0,0,0,27,0.15947839341108586,0,0
0,1.0666666666666667,0,0,0,27,0.15892827470307944,0,0
0,1.3,0,0,0,27,0.11035375386799351,0,0
0,1.5833333333333333,0,0,0,27,0.17529430241158356,0,0
0,1.9166666666666667,0,0,0,27,0.1369110105121406,0,0
0,2.3,0,0,0,27,0.1449100536673147,0,0
0,2.8,0,0,0,27,0.14324402821309395,0,0
0,3.3666666666666667,0,0,0,27,0.14868259107038678,0,0
0,4.083333333333333,0,0,0,27,0.1926379930122902,0,0
0,4.95,0,0,0,27,0.1582817950962771,0,0
0,0.03333333333333333,0,0,0,28,1.4531933519783011,0,0
0,0.05,0,0,0,28,2.2926885283467886,0,0
0,0.06666666666666667,0,0,0,28,1.227601196308098,0,0
0,0.08333333333333333,0,0,0,28,0.6542574041957135,0,0
0,0.1,0,0,0,28,0.46735854731679854,0,0
0,0.11666666666666667,0,0,0,28,0.41251255320935415,0,0
0,0.13333333333333333,0,0,0,28,0.3248515847833633,0,0
0,0.15,0,0,0,28,0.30084085826397844,0,0
0,0.18333333333333332,0,0,0,28,0.2551449518913832,0,0
0,0.21666666666666667,0,0,0,28,0.2724069087153008,0,0
0,0.26666666666666666,0,0,0,28,0.17480022133134485,0,0
0,0.31666666666666665,0,0,0,28,0.15777079016954096,0,0
0,0.38333333333333336,0,0,0,28,0.1874059315100828,0,0
0,0.45,0,0,0,28,0.18338162723666332,0,0
0,0.55,0,0,0,28,0.15814281193380644,0,0
0,0.65,0,0,0,28,0.18593654499923123,0,0
0,0.7833333333333333,0,0,0,28,0.1493095439823477,0,0
0,0.95,0,0,0,28,0.17306904170024773,0,0
0,1.1333333333333333,0,0,0,28,0.13530327211590681,0,0
0,1.3666666666666667,0,0,0,28,0.11088378051624079,0,0
0,1.65,0,0,0,28,0.16830295649736152,0,0
0,1.9833333333333334,0,0,0,28,0.14663065466790046,0,0
0,2.3833333333333333,0,0,0,28,0.11465397908308439,0,0
0,2.8666666666666667,0,0,0,28,0.14239487524563071,0,0
0,3.433333333333333,0,0,0,28,0.15924301936470564,0,0
0,4.133333333333334,0,0,0,28,0.1911642260862628,0,0
0,4.983333333333333,0,0,0,28,0.15948590114682135,0,0
0,0.03333333333333333,0,0,0,29,1.4531933519783011,0,0
0,0.05,0,0,0,29,2.2926885283467886,0,0
0,0.06666666666666667,0,0,0,29,1.227601196308098,0,0
0,0.08333333333333333,0,0,0,29,0.6542574041957135,0,0
0,0.1,0,0,0,29,0.43200525107017435,0,0
0,0.13333333333333333,0,0,0,29,0.3248515847833633,0,0
0,0.15,0,0,0,29,0.30084085826397844,0,0
0,0.18333333333333332,0,0,0,29,0.27934112872052386,0,0
0,0.2,0,0,0,29,0.25113598224367034,0,0
0,0.25,0,0,0,29,0.21366836814769716,0,0
0,0.3,0,0,0,29,0.1654498489174745,0,0
0,0.35,0,0,0,29,0.16589363793143214,0,0
0,0.4166666666666667,0,0,0,29,0.1897754873769905,0,0
0,0.5,0,0,0,29,0.17161291720764923,0,0
0,0.6,0,0,0,29,0.1691871323377921,0,0
0,0.7,0,0,0,29,0.15960467953202717,0,0
0,0.85,0,0,0,29,0.1676003161477399,0,0
0,1.0,0,0,0,29,0.1665104356333828,0,0
0,1.2,0,0,0,29,0.09212935834519695,0,0
0,1.4333333333333333,0,0,0,29,0.11457060296758496,0,0
0,1.7166666666666666,0,0,0,29,0.17644815375924644,0,0
0,2.05,0,0,0,29,0.1616031303156862,0,0
0,2.466666666666667,0,0,0,29,0.11036716173821438,0,0
0,2.933333333333333,0,0,0,29,0.1425892488676987,0,0
0,3.5166666666666666,0,0,0,29,0.1653770257141745,0,0
0,4.183333333333334,0,0,0,29,0.1800535300898396,0,0
0,5.016666666666667,0,0,0,29,0.16076561894546493,0,0
